nnumr_log,elpl_hours,node_hours_log,mszl_specified,mszl_gib_log,submit_hour,submit_dow,freq_req,label,adt,__source_file
5.198497031265826,1.0,5.198497031265826,0.0,0.0,11.0,3.0,2000,1,2021-04-01 11:19:08+00:00,21_04.parquet
2.1972245773362196,24.0,5.262690188904886,0.0,0.0,2.0,0.0,2000,1,2021-04-12 02:47:26+00:00,21_04.parquet
1.6094379124341003,0.3333333333333333,0.8472978603872036,0.0,0.0,8.0,3.0,2000,1,2021-04-15 08:00:29+00:00,21_04.parquet
0.6931471805599453,6.0,1.9459101490553132,0.0,0.0,3.0,4.0,2000,1,2021-05-07 03:37:51+00:00,21_05.parquet
6.003887067106539,0.5,5.313205979041787,0.0,0.0,5.0,0.0,2000,1,2021-05-10 05:48:32+00:00,21_05.parquet
0.6931471805599453,24.0,3.2188758248682006,0.0,0.0,23.0,1.0,2000,1,2021-05-11 23:22:21+00:00,21_05.parquet
0.6931471805599453,24.0,3.2188758248682006,0.0,0.0,1.0,4.0,2000,1,2021-05-14 01:20:16+00:00,21_05.parquet
1.6094379124341003,6.0,3.2188758248682006,0.0,0.0,15.0,4.0,2000,1,2021-05-14 15:01:29+00:00,21_05.parquet
0.6931471805599453,24.0,3.2188758248682006,0.0,0.0,0.0,0.0,2000,1,2021-05-17 00:32:50+00:00,21_05.parquet
0.6931471805599453,0.5,0.4054651081081644,0.0,0.0,15.0,6.0,2000,1,2021-05-23 15:50:19+00:00,21_05.parquet
0.6931471805599453,0.5,0.4054651081081644,0.0,0.0,16.0,6.0,2000,1,2021-05-23 16:10:27+00:00,21_05.parquet
0.6931471805599453,0.5,0.4054651081081644,0.0,0.0,18.0,0.0,2000,1,2021-05-24 18:14:14+00:00,21_05.parquet
0.6931471805599453,0.06666666666666667,0.06453852113757118,0.0,0.0,9.0,1.0,2000,0,2021-05-25 09:32:00+00:00,21_05.parquet
0.6931471805599453,0.05,0.048790164169432,0.0,0.0,4.0,3.0,2000,1,2021-05-27 04:51:21+00:00,21_05.parquet
0.6931471805599453,23.0,3.1780538303479458,0.0,0.0,10.0,0.0,2000,1,2021-05-31 10:32:33+00:00,21_05.parquet
0.6931471805599453,23.0,3.1780538303479458,0.0,0.0,10.0,0.0,2000,1,2021-05-31 10:32:33+00:00,21_05.parquet
0.6931471805599453,23.0,3.1780538303479458,0.0,0.0,17.0,1.0,2000,1,2021-06-01 17:38:49+00:00,21_06.parquet
0.6931471805599453,4.0,1.6094379124341003,0.0,0.0,12.0,4.0,2000,0,2021-06-04 12:58:36+00:00,21_06.parquet
0.6931471805599453,23.0,3.1780538303479458,0.0,0.0,19.0,2.0,2000,1,2021-06-09 19:30:23+00:00,21_06.parquet
0.6931471805599453,15.0,2.772588722239781,0.0,0.0,3.0,4.0,2000,1,2021-06-18 03:20:56+00:00,21_06.parquet
0.6931471805599453,0.16666666666666666,0.15415067982725827,0.0,0.0,2.0,3.0,2000,1,2021-07-01 02:39:15+00:00,21_07.parquet
0.6931471805599453,0.16666666666666666,0.15415067982725827,0.0,0.0,2.0,3.0,2000,1,2021-07-01 02:39:20+00:00,21_07.parquet
0.6931471805599453,0.16666666666666666,0.15415067982725827,0.0,0.0,12.0,3.0,2200,1,2021-07-22 12:15:56+00:00,21_07.parquet
0.6931471805599453,12.0,2.5649493574615367,0.0,0.0,8.0,2.0,2000,0,2021-07-28 08:14:17+00:00,21_07.parquet
1.6094379124341003,3.0,2.5649493574615367,0.0,0.0,17.0,2.0,2000,1,2021-07-28 17:34:16+00:00,21_07.parquet
0.6931471805599453,12.0,2.5649493574615367,0.0,0.0,0.0,0.0,2000,1,2021-08-02 00:01:47+00:00,21_08.parquet
0.6931471805599453,12.0,2.5649493574615367,0.0,0.0,8.0,0.0,2000,1,2021-08-02 08:06:25+00:00,21_08.parquet
0.6931471805599453,12.0,2.5649493574615367,0.0,0.0,14.0,1.0,2000,1,2021-08-10 14:23:03+00:00,21_08.parquet
0.6931471805599453,12.0,2.5649493574615367,0.0,0.0,15.0,1.0,2000,1,2021-08-10 15:54:38+00:00,21_08.parquet
0.6931471805599453,12.0,2.5649493574615367,0.0,0.0,16.0,1.0,2000,1,2021-08-10 16:12:39+00:00,21_08.parquet
0.6931471805599453,12.0,2.5649493574615367,0.0,0.0,14.0,2.0,2000,1,2021-08-11 14:49:11+00:00,21_08.parquet
0.6931471805599453,12.0,2.5649493574615367,0.0,0.0,21.0,4.0,2000,1,2021-08-13 21:44:19+00:00,21_08.parquet
0.6931471805599453,12.0,2.5649493574615367,0.0,0.0,16.0,6.0,2000,1,2021-08-22 16:37:24+00:00,21_08.parquet
1.0986122886681098,4.0,2.1972245773362196,0.0,0.0,2.0,5.0,2000,1,2021-09-11 02:51:51+00:00,21_09.parquet
1.0986122886681098,2.0,1.6094379124341003,0.0,0.0,14.0,5.0,2000,1,2021-09-11 14:23:50+00:00,21_09.parquet
1.0986122886681098,2.0,1.6094379124341003,0.0,0.0,5.0,6.0,2000,1,2021-09-12 05:45:16+00:00,21_09.parquet
1.0986122886681098,2.0,1.6094379124341003,0.0,0.0,5.0,6.0,2000,1,2021-09-12 05:45:56+00:00,21_09.parquet
0.6931471805599453,12.0,2.5649493574615367,0.0,0.0,17.0,0.0,2000,1,2021-09-13 17:15:25+00:00,21_09.parquet
1.0986122886681098,2.0,1.6094379124341003,0.0,0.0,16.0,6.0,2000,1,2021-09-19 16:33:05+00:00,21_09.parquet
1.0986122886681098,2.0,1.6094379124341003,0.0,0.0,23.0,0.0,2000,1,2021-09-20 23:17:27+00:00,21_09.parquet
1.0986122886681098,1.0,1.0986122886681098,0.0,0.0,4.0,0.0,2000,1,2021-09-27 04:43:03+00:00,21_09.parquet
1.0986122886681098,0.16666666666666666,0.2876820724517809,0.0,0.0,6.0,1.0,2000,1,2021-09-28 06:36:44+00:00,21_09.parquet
0.6931471805599453,1.3333333333333333,0.8472978603872036,0.0,0.0,3.0,2.0,2000,1,2021-09-29 03:13:25+00:00,21_09.parquet
0.6931471805599453,1.3333333333333333,0.8472978603872036,0.0,0.0,3.0,2.0,2000,1,2021-09-29 03:52:31+00:00,21_09.parquet
0.6931471805599453,1.3333333333333333,0.8472978603872036,0.0,0.0,12.0,3.0,2000,1,2021-09-30 12:51:17+00:00,21_09.parquet
2.833213344056216,0.16666666666666666,1.2992829841302609,0.0,0.0,8.0,5.0,2000,1,2021-10-02 08:41:22+00:00,21_10.parquet
2.833213344056216,0.16666666666666666,1.2992829841302609,0.0,0.0,19.0,2.0,2000,1,2021-10-06 19:18:38+00:00,21_10.parquet
0.6931471805599453,0.5,0.4054651081081644,1.0,2.833213344056216,23.0,2.0,2000,1,2021-10-06 23:50:25+00:00,21_10.parquet
2.833213344056216,0.16666666666666666,1.2992829841302609,0.0,0.0,16.0,3.0,2000,1,2021-10-07 16:24:49+00:00,21_10.parquet
1.6094379124341003,72.0,5.666426688112432,0.0,0.0,3.0,4.0,2000,1,2021-10-08 03:06:17+00:00,21_10.parquet
0.6931471805599453,0.08333333333333333,0.08004270767353643,0.0,0.0,23.0,0.0,2000,1,2021-10-11 23:40:03+00:00,21_10.parquet
2.5649493574615367,0.016666666666666666,0.18232155679395465,0.0,0.0,6.0,3.0,2000,0,2021-10-21 06:46:10+00:00,21_10.parquet
2.1972245773362196,1.0,2.1972245773362196,0.0,0.0,1.0,6.0,2000,1,2021-10-24 01:49:23+00:00,21_10.parquet
0.6931471805599453,0.5,0.4054651081081644,0.0,0.0,11.0,3.0,2000,1,2021-10-28 11:36:46+00:00,21_10.parquet
2.1972245773362196,1.5,2.5649493574615367,0.0,0.0,7.0,2.0,2000,0,2021-11-03 07:56:22+00:00,21_11.parquet
0.6931471805599453,7.0,2.0794415416798357,0.0,0.0,6.0,3.0,2000,1,2021-11-04 06:07:32+00:00,21_11.parquet
1.6094379124341003,1.0,1.6094379124341003,0.0,0.0,17.0,5.0,2000,1,2021-11-06 17:55:39+00:00,21_11.parquet
0.6931471805599453,24.0,3.2188758248682006,0.0,0.0,6.0,0.0,2000,1,2021-11-08 06:23:18+00:00,21_11.parquet
0.6931471805599453,0.5,0.4054651081081644,0.0,0.0,15.0,4.0,2000,1,2021-11-12 15:00:44+00:00,21_11.parquet
2.833213344056216,3.8333333333333335,4.132496328186477,0.0,0.0,15.0,4.0,2000,1,2021-11-12 15:19:58+00:00,21_11.parquet
0.6931471805599453,0.5,0.4054651081081644,0.0,0.0,14.0,5.0,2000,1,2021-11-13 14:13:37+00:00,21_11.parquet
1.6094379124341003,12.0,3.8918202981106265,0.0,0.0,7.0,6.0,2000,1,2021-11-14 07:09:35+00:00,21_11.parquet
0.6931471805599453,0.08333333333333333,0.08004270767353643,0.0,0.0,8.0,0.0,2000,1,2021-11-15 08:29:58+00:00,21_11.parquet
0.6931471805599453,0.16666666666666666,0.15415067982725827,0.0,0.0,9.0,0.0,2000,1,2021-11-15 09:51:08+00:00,21_11.parquet
2.1972245773362196,1.0,2.1972245773362196,0.0,0.0,6.0,4.0,2000,1,2021-11-19 06:29:22+00:00,21_11.parquet
0.6931471805599453,0.08333333333333333,0.08004270767353643,0.0,0.0,1.0,6.0,2000,1,2021-11-21 01:46:05+00:00,21_11.parquet
0.6931471805599453,6.0,1.9459101490553132,0.0,0.0,5.0,0.0,2000,1,2021-11-29 05:08:27+00:00,21_11.parquet
3.8918202981106265,4.0,5.262690188904886,0.0,0.0,7.0,2.0,2000,0,2021-12-01 07:45:45+00:00,21_12.parquet
2.833213344056216,0.16666666666666666,1.2992829841302609,0.0,0.0,18.0,3.0,2000,1,2021-12-02 18:50:04+00:00,21_12.parquet
0.6931471805599453,0.16666666666666666,0.15415067982725827,1.0,3.367295829986474,3.0,4.0,2000,1,2021-12-03 03:34:24+00:00,21_12.parquet
1.6094379124341003,24.0,4.574710978503383,0.0,0.0,19.0,4.0,2000,1,2021-12-03 19:21:56+00:00,21_12.parquet
0.6931471805599453,0.16666666666666666,0.15415067982725827,1.0,2.833213344056216,1.0,6.0,2000,1,2021-12-05 01:50:27+00:00,21_12.parquet
1.9459101490553132,6.0,3.6109179126442243,0.0,0.0,2.0,0.0,2000,0,2021-12-06 02:25:45+00:00,21_12.parquet
2.833213344056216,0.16666666666666666,1.2992829841302609,0.0,0.0,5.0,1.0,2000,1,2021-12-07 05:14:26+00:00,21_12.parquet
0.6931471805599453,4.0,1.6094379124341003,0.0,0.0,0.0,3.0,2000,1,2021-12-09 00:07:58+00:00,21_12.parquet
0.6931471805599453,4.0,1.6094379124341003,0.0,0.0,23.0,3.0,2000,1,2021-12-09 23:12:53+00:00,21_12.parquet
0.6931471805599453,4.0,1.6094379124341003,0.0,0.0,9.0,4.0,2000,1,2021-12-10 09:48:48+00:00,21_12.parquet
2.5649493574615367,24.0,5.666426688112432,0.0,0.0,12.0,4.0,2000,1,2021-12-10 12:18:39+00:00,21_12.parquet
1.6094379124341003,2.0,2.1972245773362196,0.0,0.0,13.0,6.0,2000,1,2021-12-12 13:48:20+00:00,21_12.parquet
0.6931471805599453,4.0,1.6094379124341003,0.0,0.0,3.0,0.0,2000,1,2021-12-13 03:07:13+00:00,21_12.parquet
0.6931471805599453,1.0,0.6931471805599453,0.0,0.0,14.0,3.0,2000,1,2021-12-16 14:27:07+00:00,21_12.parquet
0.6931471805599453,4.0,1.6094379124341003,0.0,0.0,0.0,4.0,2000,1,2021-12-17 00:23:58+00:00,21_12.parquet
0.6931471805599453,4.0,1.6094379124341003,0.0,0.0,15.0,4.0,2000,1,2021-12-17 15:43:38+00:00,21_12.parquet
0.6931471805599453,4.0,1.6094379124341003,0.0,0.0,1.0,6.0,2000,1,2021-12-19 01:10:21+00:00,21_12.parquet
0.6931471805599453,4.0,1.6094379124341003,0.0,0.0,3.0,6.0,2000,0,2021-12-19 03:47:32+00:00,21_12.parquet
0.6931471805599453,0.75,0.5596157879354227,0.0,0.0,8.0,0.0,2000,0,2021-12-20 08:51:28+00:00,21_12.parquet
0.6931471805599453,0.75,0.5596157879354227,0.0,0.0,8.0,0.0,2000,0,2021-12-20 08:51:28+00:00,21_12.parquet
0.6931471805599453,4.0,1.6094379124341003,0.0,0.0,15.0,0.0,2000,1,2021-12-20 15:43:20+00:00,21_12.parquet
1.0986122886681098,2.0,1.6094379124341003,0.0,0.0,22.0,0.0,2000,1,2021-12-20 22:26:04+00:00,21_12.parquet
2.1972245773362196,3.0,3.2188758248682006,0.0,0.0,1.0,1.0,2000,1,2021-12-21 01:53:21+00:00,21_12.parquet
0.6931471805599453,0.16666666666666666,0.15415067982725827,1.0,3.367295829986474,6.0,2.0,2000,1,2021-12-22 06:32:49+00:00,21_12.parquet
0.6931471805599453,0.16666666666666666,0.15415067982725827,1.0,2.833213344056216,16.0,2.0,2000,1,2021-12-22 16:27:29+00:00,21_12.parquet
0.6931471805599453,0.16666666666666666,0.15415067982725827,1.0,3.367295829986474,2.0,4.0,2000,1,2021-12-24 02:40:49+00:00,21_12.parquet
0.6931471805599453,1.0,0.6931471805599453,0.0,0.0,10.0,2.0,2000,1,2021-12-29 10:56:23+00:00,21_12.parquet
0.6931471805599453,0.16666666666666666,0.15415067982725827,1.0,2.833213344056216,4.0,3.0,2000,1,2021-12-30 04:43:24+00:00,21_12.parquet
0.6931471805599453,16.0,2.833213344056216,0.0,0.0,6.0,3.0,2000,1,2021-12-30 06:03:14+00:00,21_12.parquet
0.6931471805599453,1.0,0.6931471805599453,0.0,0.0,6.0,4.0,2000,1,2021-12-31 06:11:57+00:00,21_12.parquet
0.6931471805599453,1.0,0.6931471805599453,0.0,0.0,21.0,5.0,2000,1,2022-01-01 21:36:58+00:00,22_01.parquet
0.6931471805599453,1.0,0.6931471805599453,0.0,0.0,2.0,6.0,2000,1,2022-01-02 02:02:35+00:00,22_01.parquet
3.4965075614664802,24.0,6.645090969505644,0.0,0.0,14.0,0.0,2000,1,2022-01-03 14:39:35+00:00,22_01.parquet
0.6931471805599453,0.25,0.22314355131420976,0.0,0.0,13.0,3.0,2000,1,2022-01-06 13:56:12+00:00,22_01.parquet
0.6931471805599453,0.25,0.22314355131420976,0.0,0.0,21.0,3.0,2000,1,2022-01-06 21:43:11+00:00,22_01.parquet
0.6931471805599453,0.5,0.4054651081081644,1.0,3.367295829986474,6.0,6.0,2200,1,2022-01-09 06:06:28+00:00,22_01.parquet
0.6931471805599453,0.16666666666666666,0.15415067982725827,1.0,3.367295829986474,0.0,0.0,2200,1,2022-01-10 00:08:47+00:00,22_01.parquet
5.955837369464831,2.0,6.647688373563329,0.0,0.0,1.0,1.0,2000,1,2022-01-11 01:40:22+00:00,22_01.parquet
2.833213344056216,6.0,4.574710978503383,0.0,0.0,16.0,1.0,2000,1,2022-01-11 16:24:56+00:00,22_01.parquet
0.6931471805599453,0.5333333333333333,0.4274440148269396,0.0,0.0,9.0,2.0,2000,1,2022-01-12 09:18:36+00:00,22_01.parquet
0.6931471805599453,0.16666666666666666,0.15415067982725827,1.0,0.6931471805599453,8.0,3.0,2200,1,2022-01-13 08:57:05+00:00,22_01.parquet
0.6931471805599453,0.3333333333333333,0.2876820724517809,1.0,1.0986122886681098,12.0,3.0,2200,1,2022-01-13 12:59:47+00:00,22_01.parquet
3.044522437723423,0.5,2.3978952727983707,1.0,3.367295829986474,10.0,4.0,2200,1,2022-01-14 10:34:00+00:00,22_01.parquet
0.6931471805599453,0.3333333333333333,0.2876820724517809,1.0,2.833213344056216,22.0,4.0,2200,1,2022-01-14 22:39:06+00:00,22_01.parquet
0.6931471805599453,0.16666666666666666,0.15415067982725827,1.0,3.367295829986474,0.0,6.0,2200,1,2022-01-16 00:22:19+00:00,22_01.parquet
2.5649493574615367,23.0,5.6240175061873385,0.0,0.0,6.0,6.0,2000,1,2022-01-16 06:52:08+00:00,22_01.parquet
2.5649493574615367,4.0,3.8918202981106265,0.0,0.0,16.0,6.0,2000,1,2022-01-16 16:49:30+00:00,22_01.parquet
0.6931471805599453,0.3333333333333333,0.2876820724517809,1.0,3.367295829986474,10.0,0.0,2200,1,2022-01-17 10:46:44+00:00,22_01.parquet
2.833213344056216,0.16666666666666666,1.2992829841302609,0.0,0.0,17.0,4.0,2000,1,2022-01-21 17:44:25+00:00,22_01.parquet
2.833213344056216,0.16666666666666666,1.2992829841302609,0.0,0.0,17.0,4.0,2000,1,2022-01-21 17:45:49+00:00,22_01.parquet
2.5649493574615367,0.016666666666666666,0.18232155679395465,0.0,0.0,7.0,6.0,2000,1,2022-01-23 07:17:39+00:00,22_01.parquet
0.6931471805599453,0.16666666666666666,0.15415067982725827,0.0,0.0,13.0,0.0,2000,1,2022-01-24 13:41:04+00:00,22_01.parquet
2.1972245773362196,1.0,2.1972245773362196,0.0,0.0,8.0,1.0,2000,1,2022-01-25 08:02:25+00:00,22_01.parquet
0.6931471805599453,0.16666666666666666,0.15415067982725827,0.0,0.0,4.0,2.0,2000,1,2022-01-26 04:00:49+00:00,22_01.parquet
0.6931471805599453,4.0,1.6094379124341003,0.0,0.0,13.0,2.0,2000,1,2022-01-26 13:39:04+00:00,22_01.parquet
0.6931471805599453,4.0,1.6094379124341003,0.0,0.0,2.0,5.0,2000,1,2022-01-29 02:36:10+00:00,22_01.parquet
0.6931471805599453,4.0,1.6094379124341003,0.0,0.0,9.0,5.0,2000,1,2022-01-29 09:54:11+00:00,22_01.parquet
0.6931471805599453,1.0,0.6931471805599453,0.0,0.0,5.0,0.0,2000,1,2022-01-31 05:13:19+00:00,22_01.parquet
0.6931471805599453,1.0,0.6931471805599453,0.0,0.0,16.0,0.0,2000,1,2022-01-31 16:23:33+00:00,22_02.parquet
0.6931471805599453,1.0,0.6931471805599453,0.0,0.0,20.0,0.0,2000,1,2022-01-31 20:04:27+00:00,22_02.parquet
0.6931471805599453,1.0,0.6931471805599453,0.0,0.0,20.0,0.0,2000,1,2022-01-31 20:40:06+00:00,22_02.parquet
0.6931471805599453,1.0,0.6931471805599453,0.0,0.0,22.0,0.0,2000,1,2022-01-31 22:53:30+00:00,22_02.parquet
0.6931471805599453,1.0,0.6931471805599453,0.0,0.0,23.0,0.0,2000,1,2022-01-31 23:23:39+00:00,22_02.parquet
0.6931471805599453,1.0,0.6931471805599453,0.0,0.0,0.0,1.0,2000,1,2022-02-01 00:03:24+00:00,22_02.parquet
2.1972245773362196,5.0,3.713572066704308,0.0,0.0,0.0,4.0,2000,1,2022-02-04 00:01:18+00:00,22_02.parquet
0.6931471805599453,1.0,0.6931471805599453,0.0,0.0,15.0,5.0,2000,1,2022-02-05 15:23:26+00:00,22_02.parquet
0.6931471805599453,1.0,0.6931471805599453,0.0,0.0,20.0,0.0,2000,1,2022-02-07 20:10:50+00:00,22_02.parquet
0.6931471805599453,1.0,0.6931471805599453,0.0,0.0,23.0,0.0,2000,1,2022-02-07 23:41:43+00:00,22_02.parquet
0.6931471805599453,1.0,0.6931471805599453,0.0,0.0,0.0,1.0,2000,1,2022-02-08 00:04:19+00:00,22_02.parquet
0.6931471805599453,1.0,0.6931471805599453,0.0,0.0,1.0,1.0,2000,1,2022-02-08 01:53:57+00:00,22_02.parquet
0.6931471805599453,1.0,0.6931471805599453,0.0,0.0,3.0,1.0,2000,1,2022-02-08 03:40:14+00:00,22_02.parquet
0.6931471805599453,0.3333333333333333,0.2876820724517809,1.0,0.6931471805599453,19.0,0.0,2200,1,2022-02-14 19:59:20+00:00,22_02.parquet
0.6931471805599453,1.0,0.6931471805599453,0.0,0.0,12.0,3.0,2000,1,2022-02-17 12:36:12+00:00,22_02.parquet
0.6931471805599453,1.0,0.6931471805599453,0.0,0.0,21.0,4.0,2000,1,2022-02-18 21:39:41+00:00,22_02.parquet
0.6931471805599453,1.0,0.6931471805599453,0.0,0.0,5.0,5.0,2000,1,2022-02-19 05:44:52+00:00,22_02.parquet
0.6931471805599453,1.0,0.6931471805599453,0.0,0.0,3.0,0.0,2000,1,2022-02-21 03:56:22+00:00,22_02.parquet
0.6931471805599453,1.0,0.6931471805599453,0.0,0.0,10.0,0.0,2000,1,2022-02-21 10:24:25+00:00,22_02.parquet
0.6931471805599453,1.0,0.6931471805599453,0.0,0.0,15.0,0.0,2000,1,2022-02-21 15:25:54+00:00,22_02.parquet
0.6931471805599453,1.0,0.6931471805599453,0.0,0.0,18.0,0.0,2000,1,2022-02-21 18:46:45+00:00,22_02.parquet
0.6931471805599453,0.3333333333333333,0.2876820724517809,1.0,3.367295829986474,6.0,2.0,2200,1,2022-02-23 06:16:24+00:00,22_02.parquet
1.9459101490553132,10.0,4.110873864173311,0.0,0.0,0.0,4.0,2000,1,2022-02-25 00:15:51+00:00,22_02.parquet
0.6931471805599453,0.16666666666666666,0.15415067982725827,0.0,0.0,2.0,5.0,2000,1,2022-02-26 02:03:44+00:00,22_02.parquet
0.6931471805599453,0.16666666666666666,0.15415067982725827,1.0,3.367295829986474,20.0,6.0,2200,1,2022-02-27 20:07:59+00:00,22_02.parquet
6.3578422665081,0.6666666666666666,5.953243334287785,0.0,0.0,2.0,2.0,2200,1,2022-03-02 02:24:42+00:00,22_03.parquet
0.6931471805599453,3.0,1.3862943611198906,0.0,0.0,8.0,0.0,2000,1,2022-03-07 08:15:56+00:00,22_03.parquet
3.295836866004329,48.0,7.130098510125578,0.0,0.0,6.0,2.0,2000,1,2022-03-09 06:36:55+00:00,22_03.parquet
3.8918202981106265,1.0,3.8918202981106265,0.0,0.0,5.0,6.0,2000,1,2022-03-13 05:15:08+00:00,22_03.parquet
1.0986122886681098,5.0,2.3978952727983707,0.0,0.0,13.0,6.0,2000,1,2022-03-13 13:10:07+00:00,22_03.parquet
0.6931471805599453,0.16666666666666666,0.15415067982725827,0.0,0.0,10.0,0.0,2000,1,2022-03-14 10:22:01+00:00,22_03.parquet
0.6931471805599453,0.6666666666666666,0.5108256237659907,0.0,0.0,13.0,0.0,2000,1,2022-03-14 13:08:25+00:00,22_03.parquet
2.1972245773362196,40.0,5.771441123130016,0.0,0.0,12.0,3.0,2000,1,2022-03-17 12:40:26+00:00,22_03.parquet
2.5649493574615367,6.0,4.290459441148391,0.0,0.0,14.0,4.0,2000,1,2022-03-18 14:59:32+00:00,22_03.parquet
0.6931471805599453,2.0,1.0986122886681098,0.0,0.0,8.0,2.0,2000,1,2022-03-23 08:32:01+00:00,22_03.parquet
3.8918202981106265,3.0,4.976733742420574,0.0,0.0,21.0,4.0,2000,1,2022-03-25 21:02:07+00:00,22_03.parquet
0.6931471805599453,3.0,1.3862943611198906,0.0,0.0,16.0,5.0,2000,1,2022-03-26 16:27:23+00:00,22_03.parquet
2.1972245773362196,1.0,2.1972245773362196,0.0,0.0,16.0,6.0,2000,1,2022-03-27 16:22:38+00:00,22_03.parquet
0.6931471805599453,5.0,1.791759469228055,0.0,0.0,17.0,1.0,2000,1,2022-03-29 17:26:17+00:00,22_03.parquet
0.6931471805599453,2.0,1.0986122886681098,0.0,0.0,14.0,6.0,2000,1,2022-04-03 14:28:26+00:00,22_04.parquet
3.6109179126442243,0.03,0.7323678937132266,1.0,3.367295829986474,18.0,6.0,2000,1,2022-04-03 18:00:47+00:00,22_04.parquet
0.6931471805599453,0.3333333333333333,0.2876820724517809,1.0,2.833213344056216,9.0,0.0,2200,1,2022-04-11 09:34:20+00:00,22_04.parquet
0.6931471805599453,24.0,3.2188758248682006,0.0,0.0,5.0,6.0,2000,1,2022-04-17 05:00:37+00:00,22_04.parquet
6.8679744089702925,24.0,10.045030516645731,0.0,0.0,14.0,0.0,2000,1,2022-04-18 14:14:17+00:00,22_04.parquet
0.6931471805599453,0.3333333333333333,0.2876820724517809,1.0,3.367295829986474,21.0,2.0,2200,1,2022-04-20 21:52:29+00:00,22_04.parquet
0.6931471805599453,4.0,1.6094379124341003,0.0,0.0,23.0,0.0,2000,1,2022-05-02 23:37:40+00:00,22_05.parquet
3.8918202981106265,24.0,7.050122520269059,0.0,0.0,12.0,6.0,2000,1,2022-05-08 12:28:19+00:00,22_05.parquet
2.1972245773362196,1.0,2.1972245773362196,0.0,0.0,23.0,1.0,2000,1,2022-05-10 23:59:36+00:00,22_05.parquet
1.0986122886681098,24.0,3.8918202981106265,0.0,0.0,5.0,4.0,2000,1,2022-05-13 05:30:23+00:00,22_05.parquet
1.9459101490553132,0.5,1.3862943611198906,0.0,0.0,0.0,2.0,2000,0,2022-05-18 00:51:53+00:00,22_05.parquet
1.9459101490553132,0.5,1.3862943611198906,0.0,0.0,6.0,4.0,2000,0,2022-05-20 06:51:20+00:00,22_05.parquet
1.9459101490553132,0.3333333333333333,1.0986122886681098,1.0,3.367295829986474,4.0,5.0,2200,1,2022-05-21 04:26:38+00:00,22_05.parquet
1.0986122886681098,30.0,4.110873864173311,0.0,0.0,6.0,3.0,2000,1,2022-05-26 06:26:05+00:00,22_05.parquet
0.6931471805599453,24.0,3.2188758248682006,0.0,0.0,3.0,5.0,2000,1,2022-05-28 03:06:38+00:00,22_05.parquet
6.3578422665081,3.0,7.455298485683291,0.0,0.0,1.0,0.0,2200,1,2022-05-30 01:54:33+00:00,22_05.parquet
1.0986122886681098,0.6113888888888889,0.798757664972979,0.0,0.0,6.0,5.0,2000,1,2022-06-11 06:15:29+00:00,22_06.parquet
0.6931471805599453,6.0,1.9459101490553132,0.0,0.0,3.0,1.0,2000,0,2022-06-14 03:08:11+00:00,22_06.parquet
3.044522437723423,3.0,4.110873864173311,0.0,0.0,1.0,3.0,2000,1,2022-06-16 01:14:50+00:00,22_06.parquet
1.6094379124341003,4.25,2.8903717578961645,0.0,0.0,12.0,3.0,2000,1,2022-06-16 12:56:22+00:00,22_06.parquet
1.6094379124341003,4.25,2.8903717578961645,0.0,0.0,3.0,0.0,2000,1,2022-06-20 03:21:45+00:00,22_06.parquet
1.0986122886681098,24.0,3.8918202981106265,0.0,0.0,11.0,6.0,2000,1,2022-06-26 11:48:13+00:00,22_06.parquet
0.6931471805599453,24.0,3.2188758248682006,0.0,0.0,2.0,0.0,2000,1,2022-06-27 02:42:01+00:00,22_06.parquet
0.6931471805599453,20.0,3.044522437723423,0.0,0.0,7.0,4.0,2000,1,2022-07-01 07:01:31+00:00,22_07.parquet
5.081404364984463,10.0,7.3783837129967145,0.0,0.0,1.0,5.0,2200,1,2022-07-02 01:44:54+00:00,22_07.parquet
3.044522437723423,3.0,4.110873864173311,0.0,0.0,2.0,6.0,2000,1,2022-07-03 02:53:37+00:00,22_07.parquet
0.6931471805599453,4.0,1.6094379124341003,0.0,0.0,7.0,6.0,2000,1,2022-07-10 07:36:32+00:00,22_07.parquet
0.6931471805599453,4.0,1.6094379124341003,0.0,0.0,13.0,6.0,2000,1,2022-07-10 13:19:17+00:00,22_07.parquet
0.6931471805599453,4.0,1.6094379124341003,0.0,0.0,13.0,6.0,2000,1,2022-07-10 13:21:50+00:00,22_07.parquet
0.6931471805599453,4.0,1.6094379124341003,0.0,0.0,13.0,6.0,2000,1,2022-07-10 13:34:52+00:00,22_07.parquet
0.6931471805599453,4.0,1.6094379124341003,0.0,0.0,0.0,2.0,2000,1,2022-07-13 00:49:24+00:00,22_07.parquet
0.6931471805599453,4.0,1.6094379124341003,0.0,0.0,22.0,0.0,2000,1,2022-07-18 22:59:03+00:00,22_07.parquet
1.3862943611198906,6.0,2.9444389791664403,0.0,0.0,15.0,2.0,2000,1,2022-07-20 15:23:01+00:00,22_07.parquet
1.6094379124341003,1.5,1.9459101490553132,0.0,0.0,2.0,2.0,2000,1,2022-07-27 02:20:26+00:00,22_07.parquet
0.6931471805599453,0.16666666666666666,0.15415067982725827,1.0,3.367295829986474,9.0,5.0,2000,1,2022-07-30 09:57:28+00:00,22_07.parquet
0.6931471805599453,8.0,2.1972245773362196,0.0,0.0,15.0,6.0,2000,1,2022-07-31 15:20:17+00:00,22_08.parquet
0.6931471805599453,0.16666666666666666,0.15415067982725827,1.0,3.367295829986474,7.0,0.0,2000,1,2022-08-01 07:21:10+00:00,22_08.parquet
1.9459101490553132,0.3333333333333333,1.0986122886681098,1.0,3.367295829986474,23.0,0.0,2200,1,2022-08-01 23:26:30+00:00,22_08.parquet
0.6931471805599453,8.0,2.1972245773362196,0.0,0.0,1.0,2.0,2000,1,2022-08-03 01:57:44+00:00,22_08.parquet
6.3578422665081,0.6666666666666666,5.953243334287785,0.0,0.0,12.0,5.0,2200,1,2022-08-06 12:14:48+00:00,22_08.parquet
0.6931471805599453,9.999722222222223,2.3978700199542677,0.0,0.0,4.0,3.0,2000,1,2022-08-11 04:46:35+00:00,22_08.parquet
0.6931471805599453,48.0,3.8918202981106265,0.0,0.0,3.0,4.0,2000,1,2022-08-12 03:28:48+00:00,22_08.parquet
0.6931471805599453,8.0,2.1972245773362196,0.0,0.0,2.0,6.0,2000,1,2022-08-14 02:02:43+00:00,22_08.parquet
0.6931471805599453,8.0,2.1972245773362196,0.0,0.0,13.0,0.0,2000,1,2022-08-15 13:30:30+00:00,22_08.parquet
0.6931471805599453,8.0,2.1972245773362196,0.0,0.0,14.0,0.0,2000,1,2022-08-15 14:52:29+00:00,22_08.parquet
1.9459101490553132,0.3333333333333333,1.0986122886681098,1.0,3.367295829986474,1.0,4.0,2200,1,2022-08-19 01:12:54+00:00,22_08.parquet
0.6931471805599453,8.0,2.1972245773362196,0.0,0.0,3.0,4.0,2000,1,2022-08-19 03:16:27+00:00,22_08.parquet
0.6931471805599453,1.0,0.6931471805599453,0.0,0.0,12.0,0.0,2000,1,2022-08-22 12:53:10+00:00,22_08.parquet
0.6931471805599453,24.0,3.2188758248682006,0.0,0.0,9.0,5.0,2000,1,2022-08-27 09:05:44+00:00,22_08.parquet
3.8918202981106265,40.0,7.560601162768557,0.0,0.0,2.0,6.0,2200,1,2022-08-28 02:33:47+00:00,22_08.parquet
0.6931471805599453,8.0,2.1972245773362196,0.0,0.0,11.0,6.0,2000,1,2022-08-28 11:52:39+00:00,22_08.parquet
0.6931471805599453,8.0,2.1972245773362196,0.0,0.0,4.0,1.0,2000,1,2022-09-06 04:32:02+00:00,22_09.parquet
0.6931471805599453,8.0,2.1972245773362196,0.0,0.0,4.0,3.0,2000,1,2022-09-08 04:39:37+00:00,22_09.parquet
0.6931471805599453,1.0,0.6931471805599453,0.0,0.0,2.0,4.0,2000,1,2022-09-09 02:43:41+00:00,22_09.parquet
0.6931471805599453,1.0,0.6931471805599453,0.0,0.0,6.0,4.0,2000,1,2022-09-09 06:37:37+00:00,22_09.parquet
6.3578422665081,0.6666666666666666,5.953243334287785,0.0,0.0,15.0,6.0,2200,1,2022-09-11 15:39:16+00:00,22_09.parquet
0.6931471805599453,1.0,0.6931471805599453,0.0,0.0,2.0,0.0,2000,1,2022-09-12 02:03:36+00:00,22_09.parquet
0.6931471805599453,4.0,1.6094379124341003,0.0,0.0,16.0,0.0,2000,1,2022-09-19 16:01:49+00:00,22_09.parquet
0.6931471805599453,1.0,0.6931471805599453,0.0,0.0,1.0,1.0,2000,1,2022-09-20 01:18:48+00:00,22_09.parquet
0.6931471805599453,1.0,0.6931471805599453,0.0,0.0,5.0,1.0,2000,1,2022-09-20 05:10:22+00:00,22_09.parquet
0.6931471805599453,1.0,0.6931471805599453,0.0,0.0,10.0,2.0,2000,1,2022-09-21 10:07:35+00:00,22_09.parquet
0.6931471805599453,7.5,2.1400661634962708,0.0,0.0,17.0,2.0,2000,1,2022-09-21 17:26:31+00:00,22_09.parquet
0.6931471805599453,1.0,0.6931471805599453,0.0,0.0,4.0,0.0,2000,1,2022-09-26 04:55:27+00:00,22_09.parquet
0.6931471805599453,0.25,0.22314355131420976,0.0,0.0,21.0,0.0,2000,1,2022-09-26 21:43:23+00:00,22_09.parquet
0.6931471805599453,1.0,0.6931471805599453,0.0,0.0,19.0,3.0,2000,1,2022-09-29 19:45:48+00:00,22_09.parquet
2.5649493574615367,24.0,5.666426688112432,0.0,0.0,4.0,2.0,2000,1,2022-10-12 04:13:20+00:00,22_10.parquet
2.5649493574615367,24.0,5.666426688112432,0.0,0.0,2.0,0.0,2000,1,2022-10-17 02:32:39+00:00,22_10.parquet
0.6931471805599453,1.0,0.6931471805599453,0.0,0.0,21.0,2.0,2000,1,2022-10-19 21:29:47+00:00,22_10.parquet
0.6931471805599453,4.0,1.6094379124341003,0.0,0.0,4.0,4.0,2000,1,2022-10-21 04:29:20+00:00,22_10.parquet
0.6931471805599453,4.0,1.6094379124341003,0.0,0.0,4.0,4.0,2000,1,2022-10-21 04:32:37+00:00,22_10.parquet
3.8918202981106265,0.5,3.2188758248682006,1.0,3.367295829986474,1.0,5.0,2200,1,2022-10-22 01:38:33+00:00,22_10.parquet
0.6931471805599453,1.0,0.6931471805599453,0.0,0.0,8.0,5.0,2000,0,2022-10-22 08:37:02+00:00,22_10.parquet
1.0986122886681098,24.0,3.8918202981106265,0.0,0.0,7.0,1.0,2000,1,2022-10-25 07:00:02+00:00,22_10.parquet
6.3578422665081,1.5,6.762729506931879,0.0,0.0,22.0,3.0,2200,1,2022-10-27 22:21:21+00:00,22_10.parquet
0.6931471805599453,3.0,1.3862943611198906,0.0,0.0,0.0,0.0,2000,1,2022-11-07 00:51:30+00:00,22_11.parquet
0.6931471805599453,2.0,1.0986122886681098,0.0,0.0,2.0,1.0,2000,1,2022-11-08 02:45:57+00:00,22_11.parquet
1.0986122886681098,22.0,3.8066624897703196,0.0,0.0,12.0,4.0,2200,1,2022-11-11 12:49:51+00:00,22_11.parquet
2.5649493574615367,0.25,1.3862943611198906,1.0,3.367295829986474,6.0,6.0,2000,1,2022-11-13 06:56:30+00:00,22_11.parquet
2.833213344056216,1.0,2.833213344056216,0.0,0.0,13.0,6.0,2000,1,2022-11-13 13:45:24+00:00,22_11.parquet
1.6094379124341003,2.0,2.1972245773362196,0.0,0.0,17.0,6.0,2000,1,2022-11-13 17:00:25+00:00,22_11.parquet
1.6094379124341003,2.0,2.1972245773362196,0.0,0.0,14.0,1.0,2000,1,2022-11-15 14:29:49+00:00,22_11.parquet
3.8918202981106265,0.5,3.2188758248682006,1.0,3.367295829986474,6.0,3.0,2200,1,2022-11-17 06:19:29+00:00,22_11.parquet
0.6931471805599453,1.0,0.6931471805599453,0.0,0.0,14.0,3.0,2000,1,2022-11-17 14:44:05+00:00,22_11.parquet
0.6931471805599453,1.0,0.6931471805599453,0.0,0.0,15.0,4.0,2000,1,2022-11-18 15:45:06+00:00,22_11.parquet
0.6931471805599453,1.0,0.6931471805599453,0.0,0.0,0.0,0.0,2000,1,2022-11-21 00:18:40+00:00,22_11.parquet
0.6931471805599453,0.16666666666666666,0.15415067982725827,0.0,0.0,23.0,1.0,2000,1,2022-11-22 23:34:25+00:00,22_11.parquet
0.6931471805599453,0.16666666666666666,0.15415067982725827,0.0,0.0,0.0,2.0,2000,1,2022-11-23 00:31:37+00:00,22_11.parquet
0.6931471805599453,0.16666666666666666,0.15415067982725827,0.0,0.0,2.0,2.0,2000,0,2022-11-23 02:42:40+00:00,22_11.parquet
0.6931471805599453,1.0,0.6931471805599453,0.0,0.0,1.0,3.0,2200,1,2022-11-24 01:20:44+00:00,22_11.parquet
0.6931471805599453,24.0,3.2188758248682006,0.0,0.0,4.0,6.0,2200,1,2022-11-27 04:24:22+00:00,22_11.parquet
2.3978952727983707,12.0,4.795790545596741,0.0,0.0,0.0,1.0,2000,1,2022-11-29 00:40:11+00:00,22_11.parquet
1.9459101490553132,10.0,4.110873864173311,0.0,0.0,2.0,0.0,2000,0,2022-12-05 02:20:24+00:00,22_12.parquet
4.51085950651685,0.5,3.828641396489095,0.0,0.0,12.0,1.0,2200,1,2022-12-06 12:45:07+00:00,22_12.parquet
3.713572066704308,0.5,3.044522437723423,0.0,0.0,18.0,1.0,2200,1,2022-12-06 18:39:08+00:00,22_12.parquet
0.6931471805599453,1.0,0.6931471805599453,0.0,0.0,8.0,4.0,2000,1,2022-12-09 08:22:51+00:00,22_12.parquet
0.6931471805599453,0.6666666666666666,0.5108256237659907,0.0,0.0,5.0,2.0,2000,1,2022-12-14 05:10:29+00:00,22_12.parquet
0.6931471805599453,0.5,0.4054651081081644,0.0,0.0,1.0,5.0,2200,1,2022-12-17 01:01:48+00:00,22_12.parquet
2.833213344056216,4.0,4.174387269895637,0.0,0.0,8.0,5.0,2000,1,2022-12-17 08:35:56+00:00,22_12.parquet
0.6931471805599453,3.0,1.3862943611198906,0.0,0.0,4.0,1.0,2000,1,2022-12-20 04:51:21+00:00,22_12.parquet
3.4965075614664802,1.0,3.4965075614664802,0.0,0.0,2.0,2.0,2200,1,2022-12-21 02:18:41+00:00,22_12.parquet
0.6931471805599453,4.0,1.6094379124341003,0.0,0.0,1.0,4.0,2000,1,2022-12-23 01:30:22+00:00,22_12.parquet
0.6931471805599453,4.0,1.6094379124341003,0.0,0.0,11.0,2.0,2000,1,2022-12-28 11:39:39+00:00,22_12.parquet
0.6931471805599453,24.0,3.2188758248682006,0.0,0.0,9.0,3.0,2200,1,2022-12-29 09:41:09+00:00,22_12.parquet
0.6931471805599453,0.3333333333333333,0.2876820724517809,1.0,2.833213344056216,2.0,4.0,2200,1,2022-12-30 02:53:23+00:00,22_12.parquet
0.6931471805599453,24.0,3.2188758248682006,0.0,0.0,10.0,4.0,2200,1,2022-12-30 10:33:22+00:00,22_12.parquet
1.0986122886681098,24.0,3.8918202981106265,0.0,0.0,6.0,6.0,2200,1,2023-01-01 06:28:55+00:00,23_01.parquet
0.6931471805599453,24.0,3.2188758248682006,0.0,0.0,21.0,6.0,2200,1,2023-01-01 21:45:28+00:00,23_01.parquet
0.6931471805599453,0.3388888888888889,0.29184008260044464,0.0,0.0,7.0,4.0,2200,1,2023-01-06 07:28:13+00:00,23_01.parquet
1.0986122886681098,2.5,1.791759469228055,0.0,0.0,1.0,0.0,2000,1,2023-01-09 01:36:15+00:00,23_01.parquet
0.6931471805599453,24.0,3.2188758248682006,0.0,0.0,14.0,2.0,2000,1,2023-01-11 14:30:54+00:00,23_01.parquet
0.6931471805599453,24.0,3.2188758248682006,0.0,0.0,11.0,3.0,2000,1,2023-01-12 11:16:19+00:00,23_01.parquet
3.4965075614664802,1.0,3.4965075614664802,0.0,0.0,17.0,3.0,2200,1,2023-01-12 17:31:31+00:00,23_01.parquet
0.6931471805599453,0.16666666666666666,0.15415067982725827,0.0,0.0,4.0,1.0,2000,0,2023-01-17 04:03:27+00:00,23_01.parquet
0.6931471805599453,2.0,1.0986122886681098,0.0,0.0,10.0,1.0,2000,1,2023-01-17 10:38:56+00:00,23_01.parquet
0.6931471805599453,4.0,1.6094379124341003,0.0,0.0,6.0,2.0,2000,1,2023-01-18 06:54:10+00:00,23_01.parquet
0.6931471805599453,4.0,1.6094379124341003,0.0,0.0,12.0,2.0,2000,1,2023-01-18 12:32:59+00:00,23_01.parquet
0.6931471805599453,4.0,1.6094379124341003,0.0,0.0,22.0,6.0,2000,1,2023-01-22 22:20:23+00:00,23_01.parquet
5.262690188904886,0.5,4.574710978503383,0.0,0.0,9.0,2.0,2000,1,2023-01-25 09:42:55+00:00,23_01.parquet
0.6931471805599453,4.0,1.6094379124341003,0.0,0.0,5.0,3.0,2000,1,2023-01-26 05:23:11+00:00,23_01.parquet
0.6931471805599453,0.16666666666666666,0.15415067982725827,1.0,3.367295829986474,12.0,3.0,2000,0,2023-02-02 12:09:12+00:00,23_02.parquet
0.6931471805599453,48.0,3.8918202981106265,0.0,0.0,5.0,5.0,2000,1,2023-02-04 05:10:42+00:00,23_02.parquet
0.6931471805599453,4.0,1.6094379124341003,0.0,0.0,6.0,0.0,2000,1,2023-02-06 06:12:08+00:00,23_02.parquet
0.6931471805599453,8.0,2.1972245773362196,0.0,0.0,6.0,0.0,2000,0,2023-02-06 06:22:09+00:00,23_02.parquet
0.6931471805599453,1.0,0.6931471805599453,1.0,0.6931471805599453,23.0,3.0,2000,1,2023-02-09 23:38:51+00:00,23_02.parquet
4.174387269895637,0.08333333333333333,1.8458266904983307,0.0,0.0,8.0,4.0,2000,1,2023-02-10 08:18:53+00:00,23_02.parquet
0.6931471805599453,8.0,2.1972245773362196,0.0,0.0,16.0,0.0,2000,0,2023-02-13 16:00:06+00:00,23_02.parquet
1.0986122886681098,0.16666666666666666,0.2876820724517809,1.0,3.367295829986474,20.0,0.0,2200,1,2023-02-13 20:54:49+00:00,23_02.parquet
0.6931471805599453,24.0,3.2188758248682006,0.0,0.0,0.0,0.0,2000,1,2023-02-20 00:10:29+00:00,23_02.parquet
6.3578422665081,1.5,6.762729506931879,0.0,0.0,21.0,1.0,2200,1,2023-02-21 21:55:55+00:00,23_02.parquet
1.0986122886681098,22.0,3.8066624897703196,0.0,0.0,2.0,2.0,2200,1,2023-02-22 02:12:19+00:00,23_02.parquet
1.0986122886681098,36.0,4.290459441148391,0.0,0.0,14.0,4.0,2200,1,2023-03-03 14:09:30+00:00,23_03.parquet
3.4339872044851463,24.0,6.580639137284949,0.0,0.0,3.0,6.0,2000,0,2023-03-05 03:24:22+00:00,23_03.parquet
2.833213344056216,4.0,4.174387269895637,0.0,0.0,4.0,0.0,2000,1,2023-03-06 04:34:26+00:00,23_03.parquet
1.6094379124341003,0.8333333333333334,1.4663370687934272,0.0,0.0,4.0,1.0,2200,1,2023-03-07 04:40:45+00:00,23_03.parquet
3.2188758248682006,72.0,7.455298485683291,0.0,0.0,2.0,6.0,2000,0,2023-03-12 02:34:24+00:00,23_03.parquet
0.6931471805599453,0.16666666666666666,0.15415067982725827,1.0,3.367295829986474,4.0,1.0,2200,1,2023-03-14 04:50:54+00:00,23_03.parquet
1.9459101490553132,10.0,4.110873864173311,0.0,0.0,7.0,2.0,2000,0,2023-03-15 07:17:44+00:00,23_03.parquet
0.6931471805599453,0.16666666666666666,0.15415067982725827,1.0,3.367295829986474,11.0,4.0,2200,1,2023-03-17 11:21:19+00:00,23_03.parquet
0.6931471805599453,0.16666666666666666,0.15415067982725827,0.0,0.0,17.0,6.0,2000,1,2023-03-19 17:48:56+00:00,23_03.parquet
0.6931471805599453,0.16666666666666666,0.15415067982725827,0.0,0.0,5.0,0.0,2000,1,2023-03-20 05:43:21+00:00,23_03.parquet
1.0986122886681098,22.0,3.8066624897703196,0.0,0.0,8.0,0.0,2200,1,2023-03-20 08:52:56+00:00,23_03.parquet
0.6931471805599453,6.0,1.9459101490553132,0.0,0.0,10.0,1.0,2000,1,2023-03-21 10:07:23+00:00,23_03.parquet
0.6931471805599453,1.5,0.9162907318741551,0.0,0.0,15.0,1.0,2000,1,2023-03-21 15:33:08+00:00,23_03.parquet
0.6931471805599453,0.3333333333333333,0.2876820724517809,1.0,3.367295829986474,18.0,1.0,2200,1,2023-03-21 18:15:13+00:00,23_03.parquet
0.6931471805599453,24.0,3.2188758248682006,0.0,0.0,18.0,1.0,2000,0,2023-03-21 18:23:07+00:00,23_03.parquet
0.6931471805599453,0.49972222222222223,0.4052799057740856,0.0,0.0,5.0,2.0,2000,1,2023-03-22 05:57:01+00:00,23_03.parquet
1.6094379124341003,0.5,1.0986122886681098,0.0,0.0,19.0,4.0,2000,0,2023-03-24 19:01:38+00:00,23_03.parquet
8.318010277546872,1.0,8.318010277546872,0.0,0.0,20.0,6.0,2000,0,2023-03-26 20:36:37+00:00,23_03.parquet
1.6094379124341003,2.0,2.1972245773362196,0.0,0.0,19.0,0.0,2000,1,2023-04-03 19:11:47+00:00,23_04.parquet
1.0986122886681098,2.0,1.6094379124341003,0.0,0.0,15.0,5.0,2000,1,2023-04-08 15:34:57+00:00,23_04.parquet
0.6931471805599453,4.0,1.6094379124341003,0.0,0.0,16.0,0.0,2000,1,2023-04-10 16:09:02+00:00,23_04.parquet
2.5649493574615367,6.0,4.290459441148391,0.0,0.0,7.0,1.0,2000,1,2023-04-11 07:11:50+00:00,23_04.parquet
0.6931471805599453,4.0,1.6094379124341003,0.0,0.0,8.0,3.0,2000,0,2023-04-13 08:15:25+00:00,23_04.parquet
0.6931471805599453,72.0,4.290459441148391,0.0,0.0,12.0,4.0,2000,1,2023-04-14 12:04:54+00:00,23_04.parquet
2.1972245773362196,1.1666666666666667,2.3353749158170367,0.0,0.0,9.0,5.0,2000,1,2023-04-15 09:58:57+00:00,23_04.parquet
2.1972245773362196,1.1666666666666667,2.3353749158170367,0.0,0.0,9.0,5.0,2000,1,2023-04-15 09:59:14+00:00,23_04.parquet
0.6931471805599453,1.0,0.6931471805599453,0.0,0.0,19.0,3.0,2000,1,2023-04-20 19:41:30+00:00,23_04.parquet
0.6931471805599453,1.0,0.6931471805599453,0.0,0.0,1.0,4.0,2000,1,2023-04-21 01:42:44+00:00,23_04.parquet
0.6931471805599453,5.0,1.791759469228055,0.0,0.0,1.0,0.0,2000,1,2023-04-24 01:41:11+00:00,23_04.parquet
1.6094379124341003,10.0,3.713572066704308,0.0,0.0,6.0,1.0,2000,1,2023-05-02 06:50:48+00:00,23_05.parquet
2.1972245773362196,12.0,4.574710978503383,0.0,0.0,1.0,6.0,2000,1,2023-05-07 01:51:15+00:00,23_05.parquet
0.6931471805599453,8.0,2.1972245773362196,0.0,0.0,7.0,3.0,2000,0,2023-05-11 07:38:03+00:00,23_05.parquet
0.6931471805599453,24.0,3.2188758248682006,0.0,0.0,0.0,4.0,2000,1,2023-05-12 00:07:27+00:00,23_05.parquet
1.6094379124341003,0.9166666666666666,1.5404450409471488,0.0,0.0,16.0,0.0,2200,1,2023-05-15 16:36:57+00:00,23_05.parquet
0.6931471805599453,4.0,1.6094379124341003,0.0,0.0,0.0,3.0,2000,1,2023-05-18 00:14:57+00:00,23_05.parquet
0.6931471805599453,12.0,2.5649493574615367,0.0,0.0,2.0,3.0,2000,1,2023-05-18 02:07:08+00:00,23_05.parquet
0.6931471805599453,0.3333333333333333,0.2876820724517809,1.0,3.367295829986474,3.0,1.0,2000,1,2023-05-23 03:17:37+00:00,23_05.parquet
3.8918202981106265,72.0,8.148156439921625,0.0,0.0,5.0,1.0,2000,1,2023-05-23 05:42:08+00:00,23_05.parquet
0.6931471805599453,0.16666666666666666,0.15415067982725827,1.0,3.367295829986474,6.0,1.0,2000,1,2023-05-23 06:55:46+00:00,23_05.parquet
0.6931471805599453,20.0,3.044522437723423,0.0,0.0,8.0,6.0,2000,1,2023-05-28 08:21:05+00:00,23_05.parquet
2.5649493574615367,12.0,4.976733742420574,0.0,0.0,13.0,6.0,2000,1,2023-05-28 13:59:53+00:00,23_05.parquet
0.6931471805599453,1.0,0.6931471805599453,0.0,0.0,2.0,0.0,2000,1,2023-05-29 02:03:03+00:00,23_05.parquet
0.6931471805599453,10.0,2.3978952727983707,0.0,0.0,11.0,0.0,2000,1,2023-05-29 11:07:36+00:00,23_05.parquet
0.6931471805599453,24.0,3.2188758248682006,0.0,0.0,15.0,0.0,2000,0,2023-05-29 15:32:58+00:00,23_05.parquet
2.1972245773362196,1.3333333333333333,2.456735772821304,0.0,0.0,7.0,2.0,2000,1,2023-05-31 07:04:43+00:00,23_05.parquet
0.6931471805599453,4.0,1.6094379124341003,0.0,0.0,1.0,4.0,2000,1,2023-06-02 01:14:46+00:00,23_06.parquet
0.6931471805599453,1.1666666666666667,0.7731898882334818,0.0,0.0,15.0,4.0,2000,1,2023-06-02 15:34:49+00:00,23_06.parquet
1.0986122886681098,1.0,1.0986122886681098,0.0,0.0,16.0,6.0,2000,1,2023-06-04 16:14:49+00:00,23_06.parquet
0.6931471805599453,4.0,1.6094379124341003,0.0,0.0,21.0,6.0,2000,1,2023-06-04 21:25:09+00:00,23_06.parquet
2.1972245773362196,0.5,1.6094379124341003,0.0,0.0,0.0,0.0,2200,0,2023-06-05 00:08:10+00:00,23_06.parquet
0.6931471805599453,4.0,1.6094379124341003,0.0,0.0,2.0,0.0,2000,1,2023-06-05 02:13:12+00:00,23_06.parquet
3.4965075614664802,1.5,3.8918202981106265,0.0,0.0,2.0,1.0,2000,1,2023-06-13 02:17:24+00:00,23_06.parquet
0.6931471805599453,0.16666666666666666,0.15415067982725827,0.0,0.0,1.0,2.0,2200,1,2023-06-14 01:17:27+00:00,23_06.parquet
0.6931471805599453,5.0,1.791759469228055,0.0,0.0,11.0,3.0,2000,1,2023-06-15 11:51:49+00:00,23_06.parquet
0.6931471805599453,18.0,2.9444389791664403,0.0,0.0,10.0,4.0,2000,1,2023-06-16 10:56:12+00:00,23_06.parquet
0.6931471805599453,6.0,1.9459101490553132,0.0,0.0,11.0,5.0,2200,1,2023-06-17 11:04:24+00:00,23_06.parquet
3.8918202981106265,0.5,3.2188758248682006,1.0,3.367295829986474,20.0,6.0,2200,1,2023-06-18 20:20:06+00:00,23_06.parquet
0.6931471805599453,24.0,3.2188758248682006,0.0,0.0,0.0,0.0,2200,1,2023-06-19 00:25:23+00:00,23_06.parquet
0.6931471805599453,0.16666666666666666,0.15415067982725827,0.0,0.0,7.0,2.0,2000,0,2023-06-21 07:44:37+00:00,23_06.parquet
0.6931471805599453,0.16666666666666666,0.15415067982725827,0.0,0.0,12.0,2.0,2000,0,2023-06-21 12:02:33+00:00,23_06.parquet
0.6931471805599453,0.16666666666666666,0.15415067982725827,0.0,0.0,15.0,3.0,2000,1,2023-06-22 15:18:26+00:00,23_06.parquet
0.6931471805599453,0.16666666666666666,0.15415067982725827,0.0,0.0,20.0,3.0,2000,1,2023-06-22 20:29:09+00:00,23_06.parquet
0.6931471805599453,0.16666666666666666,0.15415067982725827,0.0,0.0,11.0,6.0,2000,1,2023-06-25 11:34:24+00:00,23_06.parquet
0.6931471805599453,1.1666666666666667,0.7731898882334818,0.0,0.0,19.0,6.0,2000,1,2023-06-25 19:21:49+00:00,23_06.parquet
0.6931471805599453,1.1666666666666667,0.7731898882334818,0.0,0.0,11.0,0.0,2000,1,2023-06-26 11:50:46+00:00,23_06.parquet
0.6931471805599453,1.1666666666666667,0.7731898882334818,0.0,0.0,13.0,0.0,2000,1,2023-06-26 13:24:55+00:00,23_06.parquet
0.6931471805599453,1.1666666666666667,0.7731898882334818,0.0,0.0,20.0,0.0,2000,1,2023-06-26 20:32:22+00:00,23_06.parquet
0.6931471805599453,1.1666666666666667,0.7731898882334818,0.0,0.0,20.0,0.0,2000,1,2023-06-26 20:49:26+00:00,23_06.parquet
0.6931471805599453,0.16666666666666666,0.15415067982725827,0.0,0.0,6.0,1.0,2000,1,2023-06-27 06:26:24+00:00,23_06.parquet
0.6931471805599453,0.25,0.22314355131420976,0.0,0.0,2.0,4.0,2000,0,2023-06-30 02:15:59+00:00,23_06.parquet
1.6094379124341003,2.0,2.1972245773362196,0.0,0.0,14.0,6.0,2000,1,2023-07-02 14:00:02+00:00,23_07.parquet
0.6931471805599453,0.16666666666666666,0.15415067982725827,0.0,0.0,5.0,0.0,2000,1,2023-07-03 05:28:22+00:00,23_07.parquet
3.2188758248682006,72.0,7.455298485683291,0.0,0.0,0.0,3.0,2000,0,2023-07-06 00:32:41+00:00,23_07.parquet
0.6931471805599453,0.16666666666666666,0.15415067982725827,0.0,0.0,16.0,3.0,2000,1,2023-07-06 16:41:03+00:00,23_07.parquet
3.044522437723423,1.5,3.4339872044851463,0.0,0.0,15.0,6.0,2000,1,2023-07-09 15:56:54+00:00,23_07.parquet
0.6931471805599453,12.0,2.5649493574615367,0.0,0.0,4.0,0.0,2000,1,2023-07-10 04:17:17+00:00,23_07.parquet
0.6931471805599453,12.0,2.5649493574615367,0.0,0.0,10.0,0.0,2000,1,2023-07-10 10:40:18+00:00,23_07.parquet
1.6094379124341003,4.0,2.833213344056216,0.0,0.0,8.0,1.0,2000,0,2023-07-11 08:32:44+00:00,23_07.parquet
0.6931471805599453,1.0,0.6931471805599453,0.0,0.0,9.0,1.0,2000,1,2023-07-11 09:18:51+00:00,23_07.parquet
0.6931471805599453,72.0,4.290459441148391,0.0,0.0,9.0,2.0,2000,1,2023-07-12 09:47:39+00:00,23_07.parquet
1.6094379124341003,71.5,5.659482215759621,0.0,0.0,23.0,5.0,2200,1,2023-07-15 23:56:30+00:00,23_07.parquet
0.6931471805599453,2.0,1.0986122886681098,0.0,0.0,14.0,6.0,2000,1,2023-07-16 14:34:42+00:00,23_07.parquet
0.6931471805599453,2.0,1.0986122886681098,0.0,0.0,4.0,3.0,2000,1,2023-08-03 04:03:13+00:00,23_08.parquet
1.6094379124341003,71.5,5.659482215759621,0.0,0.0,3.0,4.0,2200,1,2023-08-04 03:16:37+00:00,23_08.parquet
0.6931471805599453,1.1666666666666667,0.7731898882334818,0.0,0.0,0.0,5.0,2000,1,2023-08-05 00:11:27+00:00,23_08.parquet
1.9459101490553132,24.0,4.976733742420574,0.0,0.0,6.0,6.0,2000,1,2023-08-06 06:49:15+00:00,23_08.parquet
0.6931471805599453,2.0,1.0986122886681098,0.0,0.0,10.0,6.0,2000,1,2023-08-06 10:20:21+00:00,23_08.parquet
0.6931471805599453,2.0,1.0986122886681098,0.0,0.0,21.0,6.0,2000,1,2023-08-06 21:04:12+00:00,23_08.parquet
0.6931471805599453,1.1666666666666667,0.7731898882334818,0.0,0.0,16.0,0.0,2000,1,2023-08-07 16:40:42+00:00,23_08.parquet
0.6931471805599453,1.1666666666666667,0.7731898882334818,0.0,0.0,21.0,0.0,2000,1,2023-08-07 21:19:06+00:00,23_08.parquet
1.9459101490553132,10.0,4.110873864173311,0.0,0.0,3.0,1.0,2000,0,2023-08-08 03:33:06+00:00,23_08.parquet
1.0986122886681098,72.0,4.976733742420574,0.0,0.0,3.0,2.0,2200,1,2023-08-09 03:59:21+00:00,23_08.parquet
0.6931471805599453,1.5,0.9162907318741551,0.0,0.0,23.0,4.0,2000,1,2023-08-11 23:07:16+00:00,23_08.parquet
0.6931471805599453,0.25,0.22314355131420976,1.0,2.833213344056216,9.0,6.0,2000,1,2023-08-13 09:39:02+00:00,23_08.parquet
1.6094379124341003,1.5,1.9459101490553132,0.0,0.0,23.0,0.0,2000,1,2023-08-14 23:28:20+00:00,23_08.parquet
0.6931471805599453,1.5,0.9162907318741551,0.0,0.0,12.0,4.0,2000,0,2023-08-18 12:21:45+00:00,23_08.parquet
2.833213344056216,4.0,4.174387269895637,0.0,0.0,11.0,3.0,2000,1,2023-08-24 11:35:28+00:00,23_08.parquet
5.262690188904886,1.0,5.262690188904886,1.0,3.367295829986474,10.0,6.0,2200,1,2023-08-27 10:29:26+00:00,23_08.parquet
1.0986122886681098,72.0,4.976733742420574,0.0,0.0,3.0,0.0,2200,1,2023-08-28 03:37:49+00:00,23_08.parquet
0.6931471805599453,0.5,0.4054651081081644,0.0,0.0,7.0,0.0,2000,1,2023-08-28 07:38:19+00:00,23_08.parquet
0.6931471805599453,72.0,4.290459441148391,0.0,0.0,15.0,5.0,2200,1,2023-09-09 15:50:19+00:00,23_09.parquet
2.5649493574615367,72.0,6.762729506931879,0.0,0.0,15.0,1.0,2000,1,2023-09-12 15:02:01+00:00,23_09.parquet
2.5649493574615367,12.0,4.976733742420574,0.0,0.0,2.0,6.0,2200,0,2023-09-17 02:24:10+00:00,23_09.parquet
0.6931471805599453,72.0,4.290459441148391,0.0,0.0,11.0,1.0,2000,1,2023-09-19 11:18:55+00:00,23_09.parquet
2.5649493574615367,12.0,4.976733742420574,0.0,0.0,8.0,6.0,2200,1,2023-09-24 08:16:28+00:00,23_09.parquet
2.5649493574615367,12.0,4.976733742420574,0.0,0.0,14.0,2.0,2200,1,2023-09-27 14:00:49+00:00,23_09.parquet
2.1972245773362196,0.8333333333333334,2.03688192726104,0.0,0.0,1.0,4.0,2000,1,2023-09-29 01:02:20+00:00,23_09.parquet
2.1972245773362196,0.6666666666666666,1.8458266904983307,0.0,0.0,13.0,4.0,2000,1,2023-09-29 13:28:12+00:00,23_09.parquet
2.1972245773362196,0.8333333333333334,2.03688192726104,0.0,0.0,1.0,5.0,2000,1,2023-09-30 01:05:30+00:00,23_09.parquet
2.1972245773362196,0.8333333333333334,2.03688192726104,0.0,0.0,8.0,5.0,2000,1,2023-09-30 08:40:52+00:00,23_09.parquet
0.6931471805599453,12.0,2.5649493574615367,0.0,0.0,4.0,6.0,2000,1,2023-10-01 04:48:57+00:00,23_10.parquet
1.0986122886681098,72.0,4.976733742420574,0.0,0.0,5.0,6.0,2200,1,2023-10-01 05:08:17+00:00,23_10.parquet
0.6931471805599453,24.0,3.2188758248682006,0.0,0.0,3.0,0.0,2200,1,2023-10-02 03:49:47+00:00,23_10.parquet
3.7612001156935624,1.0,3.7612001156935624,0.0,0.0,20.0,4.0,2000,1,2023-10-06 20:20:59+00:00,23_10.parquet
0.6931471805599453,48.0,3.8918202981106265,0.0,0.0,7.0,5.0,2200,0,2023-10-07 07:00:35+00:00,23_10.parquet
2.1972245773362196,0.8333333333333334,2.03688192726104,0.0,0.0,23.0,1.0,2000,1,2023-10-10 23:07:37+00:00,23_10.parquet
0.6931471805599453,10.0,2.3978952727983707,0.0,0.0,4.0,5.0,2000,1,2023-10-14 04:42:48+00:00,23_10.parquet
0.6931471805599453,3.8333333333333335,1.5755363607584192,0.0,0.0,0.0,3.0,2000,1,2023-10-19 00:45:06+00:00,23_10.parquet
0.6931471805599453,24.0,3.2188758248682006,0.0,0.0,11.0,1.0,2000,1,2023-10-24 11:31:37+00:00,23_10.parquet
1.0986122886681098,5.833333333333333,2.538973871058276,0.0,0.0,4.0,2.0,2000,1,2023-10-25 04:52:06+00:00,23_10.parquet
1.6094379124341003,1.0,1.6094379124341003,0.0,0.0,6.0,4.0,2000,0,2023-10-27 06:14:39+00:00,23_10.parquet
0.6931471805599453,0.16666666666666666,0.15415067982725827,1.0,3.367295829986474,18.0,1.0,2000,1,2023-10-31 18:15:30+00:00,23_11.parquet
1.0986122886681098,10.0,3.044522437723423,0.0,0.0,2.0,1.0,2000,1,2023-11-07 02:56:54+00:00,23_11.parquet
0.6931471805599453,0.5,0.4054651081081644,1.0,3.367295829986474,6.0,1.0,2000,1,2023-11-07 06:12:27+00:00,23_11.parquet
1.0986122886681098,10.0,3.044522437723423,0.0,0.0,13.0,1.0,2000,1,2023-11-07 13:32:23+00:00,23_11.parquet
1.0986122886681098,24.0,3.8918202981106265,0.0,0.0,3.0,2.0,2200,0,2023-11-08 03:59:34+00:00,23_11.parquet
2.5649493574615367,0.16666666666666666,1.0986122886681098,0.0,0.0,11.0,2.0,2000,1,2023-11-08 11:12:52+00:00,23_11.parquet
0.6931471805599453,0.5,0.4054651081081644,0.0,0.0,12.0,3.0,2000,1,2023-11-09 12:56:27+00:00,23_11.parquet
6.3578422665081,1.9833333333333334,7.041761558829871,0.0,0.0,11.0,6.0,2200,1,2023-11-12 11:20:49+00:00,23_11.parquet
0.6931471805599453,0.43333333333333335,0.36000273403140703,0.0,0.0,8.0,0.0,2000,1,2023-11-13 08:34:05+00:00,23_11.parquet
3.8501476017100584,0.16666666666666666,2.159484249353372,0.0,0.0,1.0,1.0,2200,1,2023-11-14 01:42:49+00:00,23_11.parquet
0.6931471805599453,24.0,3.2188758248682006,0.0,0.0,7.0,1.0,2200,1,2023-11-14 07:12:47+00:00,23_11.parquet
1.791759469228055,1.0,1.791759469228055,1.0,3.367295829986474,16.0,3.0,2200,1,2023-11-16 16:06:55+00:00,23_11.parquet
0.6931471805599453,24.0,3.2188758248682006,0.0,0.0,7.0,6.0,2000,1,2023-11-19 07:44:25+00:00,23_11.parquet
0.6931471805599453,12.0,2.5649493574615367,0.0,0.0,8.0,6.0,2000,1,2023-11-19 08:11:08+00:00,23_11.parquet
0.6931471805599453,4.0,1.6094379124341003,0.0,0.0,0.0,0.0,2000,1,2023-11-20 00:17:44+00:00,23_11.parquet
0.6931471805599453,0.16666666666666666,0.15415067982725827,1.0,3.367295829986474,5.0,4.0,2000,1,2023-11-24 05:14:17+00:00,23_11.parquet
1.3862943611198906,10.0,3.4339872044851463,0.0,0.0,13.0,4.0,2000,1,2023-11-24 13:47:26+00:00,23_11.parquet
1.3862943611198906,10.0,3.4339872044851463,0.0,0.0,2.0,6.0,2000,1,2023-11-26 02:48:00+00:00,23_11.parquet
1.6094379124341003,1.0,1.6094379124341003,0.0,0.0,5.0,6.0,2000,0,2023-11-26 05:52:37+00:00,23_11.parquet
1.3862943611198906,10.0,3.4339872044851463,0.0,0.0,3.0,0.0,2000,1,2023-11-27 03:15:05+00:00,23_11.parquet
0.6931471805599453,24.0,3.2188758248682006,0.0,0.0,6.0,0.0,2000,1,2023-11-27 06:53:39+00:00,23_11.parquet
0.6931471805599453,60.0,4.110873864173311,0.0,0.0,0.0,3.0,2000,1,2023-11-30 00:33:15+00:00,23_11.parquet
0.6931471805599453,0.16666666666666666,0.15415067982725827,1.0,3.367295829986474,15.0,4.0,2200,1,2023-12-01 15:42:12+00:00,23_12.parquet
0.6931471805599453,4.5,1.7047480922384253,0.0,0.0,8.0,5.0,2000,1,2023-12-02 08:44:34+00:00,23_12.parquet
2.772588722239781,10.0,5.017279836814924,0.0,0.0,8.0,1.0,2000,1,2023-12-05 08:24:26+00:00,23_12.parquet
2.772588722239781,10.0,5.017279836814924,0.0,0.0,13.0,1.0,2000,1,2023-12-05 13:01:38+00:00,23_12.parquet
2.833213344056216,3.5,4.04305126783455,0.0,0.0,11.0,5.0,2000,1,2023-12-09 11:25:15+00:00,23_12.parquet
1.0986122886681098,0.3333333333333333,0.5108256237659907,1.0,3.367295829986474,14.0,6.0,2200,1,2023-12-10 14:33:28+00:00,23_12.parquet
0.6931471805599453,6.0,1.9459101490553132,0.0,0.0,2.0,5.0,2000,0,2023-12-16 02:28:08+00:00,23_12.parquet
1.0986122886681098,72.0,4.976733742420574,0.0,0.0,23.0,1.0,2000,1,2023-12-19 23:48:39+00:00,23_12.parquet
1.9459101490553132,2.0,2.5649493574615367,0.0,0.0,2.0,3.0,2000,1,2023-12-21 02:36:18+00:00,23_12.parquet
1.0986122886681098,24.0,3.8918202981106265,0.0,0.0,16.0,4.0,2200,0,2023-12-22 16:59:36+00:00,23_12.parquet
0.6931471805599453,3.0,1.3862943611198906,0.0,0.0,15.0,5.0,2000,1,2023-12-23 15:38:43+00:00,23_12.parquet
0.6931471805599453,10.0,2.3978952727983707,0.0,0.0,16.0,1.0,2000,1,2023-12-26 16:11:39+00:00,23_12.parquet
3.8918202981106265,0.5,3.2188758248682006,1.0,3.367295829986474,3.0,3.0,2200,1,2023-12-28 03:10:40+00:00,23_12.parquet
0.6931471805599453,0.3333333333333333,0.2876820724517809,1.0,3.367295829986474,23.0,5.0,2000,1,2023-12-30 23:04:10+00:00,23_12.parquet
2.1972245773362196,0.8333333333333334,2.03688192726104,0.0,0.0,12.0,2.0,2000,1,2024-01-03 12:22:00+00:00,24_01.parquet
1.9459101490553132,0.3333333333333333,1.0986122886681098,1.0,3.367295829986474,13.0,6.0,2200,1,2024-01-07 13:13:27+00:00,24_01.parquet
1.0986122886681098,3.0,1.9459101490553132,0.0,0.0,4.0,0.0,2000,1,2024-01-08 04:10:47+00:00,24_01.parquet
2.1972245773362196,0.16666666666666666,0.8472978603872036,1.0,3.367295829986474,7.0,4.0,2200,1,2024-01-12 07:20:48+00:00,24_01.parquet
0.6931471805599453,0.08333333333333333,0.08004270767353643,1.0,1.6094379124341003,2.0,5.0,2200,1,2024-01-13 02:27:44+00:00,24_01.parquet
0.6931471805599453,0.5,0.4054651081081644,1.0,3.367295829986474,9.0,6.0,2000,1,2024-01-14 09:28:37+00:00,24_01.parquet
0.6931471805599453,0.3333333333333333,0.2876820724517809,1.0,2.833213344056216,5.0,0.0,2200,1,2024-01-15 05:05:55+00:00,24_01.parquet
0.6931471805599453,0.5,0.4054651081081644,1.0,3.367295829986474,4.0,1.0,2200,1,2024-01-16 04:58:00+00:00,24_01.parquet
0.6931471805599453,0.3333333333333333,0.2876820724517809,1.0,2.833213344056216,9.0,4.0,2200,1,2024-01-26 09:12:08+00:00,24_01.parquet
2.833213344056216,2.0,3.4965075614664802,0.0,0.0,15.0,4.0,2000,0,2024-01-26 15:20:43+00:00,24_01.parquet
2.3978952727983707,0.03777777777777778,0.32047189527477177,0.0,0.0,6.0,0.0,2000,1,2024-01-29 06:23:39+00:00,24_01.parquet
0.6931471805599453,0.3333333333333333,0.2876820724517809,1.0,3.367295829986474,8.0,1.0,2200,1,2024-01-30 08:36:46+00:00,24_01.parquet
2.833213344056216,22.5,5.8888779583328805,0.0,0.0,9.0,1.0,2000,1,2024-01-30 09:54:14+00:00,24_01.parquet
5.484796933490655,2.0,6.175867270105761,1.0,3.367295829986474,15.0,2.0,2200,1,2024-01-31 15:28:01+00:00,24_02.parquet
0.6931471805599453,2.0,1.0986122886681098,0.0,0.0,4.0,4.0,2000,0,2024-02-02 04:05:11+00:00,24_02.parquet
1.6094379124341003,1.8333333333333333,2.120263536200091,0.0,0.0,4.0,4.0,2000,1,2024-02-02 04:54:42+00:00,24_02.parquet
2.3978952727983707,24.0,5.484796933490655,0.0,0.0,8.0,4.0,2000,1,2024-02-02 08:45:27+00:00,24_02.parquet
0.6931471805599453,1.66,0.9783261227936076,0.0,0.0,1.0,5.0,2200,1,2024-02-03 01:14:11+00:00,24_02.parquet
0.6931471805599453,0.16666666666666666,0.15415067982725827,1.0,2.833213344056216,14.0,5.0,2200,1,2024-02-03 14:46:20+00:00,24_02.parquet
0.6931471805599453,1.0,0.6931471805599453,0.0,0.0,18.0,5.0,2200,1,2024-02-03 18:42:12+00:00,24_02.parquet
0.6931471805599453,0.16666666666666666,0.15415067982725827,0.0,0.0,9.0,6.0,2000,1,2024-02-04 09:10:10+00:00,24_02.parquet
0.6931471805599453,1.0,0.6931471805599453,1.0,3.367295829986474,3.0,3.0,2000,1,2024-02-08 03:25:38+00:00,24_02.parquet
0.6931471805599453,0.16666666666666666,0.15415067982725827,1.0,2.833213344056216,19.0,4.0,2200,1,2024-02-16 19:16:08+00:00,24_02.parquet
2.833213344056216,2.5,3.713572066704308,0.0,0.0,5.0,6.0,2000,1,2024-02-18 05:12:11+00:00,24_02.parquet
1.9459101490553132,0.3333333333333333,1.0986122886681098,1.0,3.367295829986474,22.0,0.0,2200,1,2024-02-19 22:01:37+00:00,24_02.parquet
0.6931471805599453,0.08333333333333333,0.08004270767353643,1.0,1.3862943611198906,8.0,3.0,2200,1,2024-02-22 08:15:50+00:00,24_02.parquet
1.0986122886681098,72.0,4.976733742420574,0.0,0.0,23.0,3.0,2000,1,2024-02-22 23:07:23+00:00,24_02.parquet
3.044522437723423,0.3333333333333333,2.03688192726104,1.0,3.367295829986474,3.0,4.0,2200,1,2024-02-23 03:27:26+00:00,24_02.parquet
4.418840607796598,0.8333333333333334,4.238925791033209,1.0,3.367295829986474,22.0,4.0,2200,1,2024-02-23 22:48:35+00:00,24_02.parquet
0.6931471805599453,1.2030555555555555,0.7898452856391183,0.0,0.0,17.0,5.0,2200,1,2024-02-24 17:45:34+00:00,24_02.parquet
0.6931471805599453,1.1130555555555555,0.7481350305530997,0.0,0.0,10.0,1.0,2200,1,2024-02-27 10:35:55+00:00,24_02.parquet
0.6931471805599453,1.0,0.6931471805599453,0.0,0.0,9.0,4.0,2000,1,2024-03-01 09:56:08+00:00,24_03.parquet
1.3862943611198906,0.5,0.9162907318741551,0.0,0.0,10.0,1.0,2200,0,2024-03-05 10:44:47+00:00,24_03.parquet
0.6931471805599453,0.25,0.22314355131420976,0.0,0.0,1.0,3.0,2000,0,2024-03-07 01:14:21+00:00,24_03.parquet
2.833213344056216,2.5,3.713572066704308,0.0,0.0,5.0,5.0,2000,1,2024-03-09 05:03:09+00:00,24_03.parquet
2.3978952727983707,0.5,1.791759469228055,0.0,0.0,14.0,6.0,2000,1,2024-03-10 14:33:23+00:00,24_03.parquet
2.833213344056216,13.0,5.342334251964811,0.0,0.0,15.0,6.0,2200,1,2024-03-10 15:25:34+00:00,24_03.parquet
0.6931471805599453,4.0,1.6094379124341003,0.0,0.0,10.0,1.0,2000,1,2024-03-12 10:03:37+00:00,24_03.parquet
1.791759469228055,0.5,1.252762968495368,0.0,0.0,1.0,1.0,2000,1,2024-03-19 01:39:30+00:00,24_03.parquet
2.5649493574615367,12.0,4.976733742420574,0.0,0.0,2.0,1.0,2200,1,2024-03-19 02:10:19+00:00,24_03.parquet
2.1972245773362196,12.0,4.574710978503383,0.0,0.0,1.0,4.0,2000,1,2024-03-29 01:39:13+00:00,24_03.parquet
2.833213344056216,0.6666666666666666,2.456735772821304,0.0,0.0,2.0,5.0,2000,0,2024-03-30 02:44:40+00:00,24_03.parquet
2.5649493574615367,1.0,2.5649493574615367,0.0,0.0,11.0,5.0,2000,1,2024-03-30 11:14:28+00:00,24_03.parquet
2.5649493574615367,12.0,4.976733742420574,0.0,0.0,2.0,0.0,2200,0,2024-04-08 02:36:29+00:00,24_04.parquet
0.6931471805599453,24.0,3.2188758248682006,0.0,0.0,0.0,1.0,2000,1,2024-04-09 00:06:28+00:00,24_04.parquet
0.6931471805599453,4.0,1.6094379124341003,0.0,0.0,3.0,4.0,2000,1,2024-04-19 03:30:51+00:00,24_04.parquet
2.1972245773362196,4.0,3.4965075614664802,0.0,0.0,3.0,0.0,2000,0,2024-04-22 03:47:48+00:00,24_04.parquet
0.6931471805599453,24.0,3.2188758248682006,0.0,0.0,4.0,1.0,2000,1,2024-04-23 04:01:56+00:00,24_04.parquet
2.5649493574615367,2.0,3.2188758248682006,0.0,0.0,2.0,3.0,2200,1,2024-04-25 02:49:20+00:00,24_04.parquet
